Datetime,Water Level (m)
2025-12-06 12:00:00,0.038613673
2025-12-06 13:00:00,-0.10441579
2025-12-06 14:00:00,-0.2161552
2025-12-06 15:00:00,-0.3165562
2025-12-06 16:00:00,-0.4110651
2025-12-06 17:00:00,-0.48279247
2025-12-06 18:00:00,-0.36777097
2025-12-06 19:00:00,-0.07449863
2025-12-06 20:00:00,0.21482852
2025-12-06 21:00:00,0.4593862
2025-12-06 22:00:00,0.6007891
2025-12-06 23:00:00,0.5511321
2025-12-07 00:00:00,0.32626763
2025-12-07 01:00:00,0.13586085
2025-12-07 02:00:00,-0.0006528039
2025-12-07 03:00:00,-0.110429384
2025-12-07 04:00:00,-0.21525975
2025-12-07 05:00:00,-0.3148628
2025-12-07 06:00:00,-0.38614294
2025-12-07 07:00:00,-0.22977714
2025-12-07 08:00:00,0.04369359
2025-12-07 09:00:00,0.2447091
2025-12-07 10:00:00,0.35673442
2025-12-07 11:00:00,0.323332
2025-12-07 12:00:00,0.14898108
2025-12-07 13:00:00,-0.008805179
2025-12-07 14:00:00,-0.13229509
2025-12-07 15:00:00,-0.23854138
2025-12-07 16:00:00,-0.3350736
2025-12-07 17:00:00,-0.4232766
2025-12-07 18:00:00,-0.47853222
2025-12-07 19:00:00,-0.27929187
2025-12-07 20:00:00,0.02611245
2025-12-07 21:00:00,0.30140796
2025-12-07 22:00:00,0.5085381
2025-12-07 23:00:00,0.5779173
2025-12-08 00:00:00,0.45531178
2025-12-08 01:00:00,0.24207988
2025-12-08 02:00:00,0.083642244
2025-12-08 03:00:00,-0.03618904
2025-12-08 04:00:00,-0.13965417
2025-12-08 05:00:00,-0.24037668
2025-12-08 06:00:00,-0.3323803
2025-12-08 07:00:00,-0.38162374
2025-12-08 08:00:00,-0.16996062
2025-12-08 09:00:00,0.08294058
2025-12-08 10:00:00,0.2628445
2025-12-08 11:00:00,0.34537482
2025-12-08 12:00:00,0.2833721
2025-12-08 13:00:00,0.11391243
2025-12-08 14:00:00,-0.031882267
2025-12-08 15:00:00,-0.14783524
2025-12-08 16:00:00,-0.24867803
2025-12-08 17:00:00,-0.33990076
2025-12-08 18:00:00,-0.41823074
2025-12-08 19:00:00,-0.4273614
2025-12-08 20:00:00,-0.1650861
2025-12-08 21:00:00,0.113482356
2025-12-08 22:00:00,0.35376295
2025-12-08 23:00:00,0.5148574
2025-12-09 00:00:00,0.5358035
2025-12-09 01:00:00,0.3797356
2025-12-09 02:00:00,0.18597102
2025-12-09 03:00:00,0.04554727
2025-12-09 04:00:00,-0.065332346
2025-12-09 05:00:00,-0.16535392
2025-12-09 06:00:00,-0.26131514
2025-12-09 07:00:00,-0.3444358
2025-12-09 08:00:00,-0.34903488
2025-12-09 09:00:00,-0.10085326
2025-12-09 10:00:00,0.11778485
2025-12-09 11:00:00,0.26710078
2025-12-09 12:00:00,0.3231664
2025-12-09 13:00:00,0.24627717
2025-12-09 14:00:00,0.08667889
2025-12-09 15:00:00,-0.047600772
2025-12-09 16:00:00,-0.15599036
2025-12-09 17:00:00,-0.25119743
2025-12-09 18:00:00,-0.33651286
2025-12-09 19:00:00,-0.40415862
2025-12-09 20:00:00,-0.338359
2025-12-09 21:00:00,-0.06494104
2025-12-09 22:00:00,0.18261965
2025-12-09 23:00:00,0.37864068
2025-12-10 00:00:00,0.48093942
2025-12-10 01:00:00,0.4381929
2025-12-10 02:00:00,0.26348856
2025-12-10 03:00:00,0.10183015
2025-12-10 04:00:00,-0.020941349
2025-12-10 05:00:00,-0.12158635
2025-12-10 06:00:00,-0.21726799
2025-12-10 07:00:00,-0.30536756
2025-12-10 08:00:00,-0.37458298
2025-12-10 09:00:00,-0.3204203
2025-12-10 10:00:00,-0.0845774
2025-12-10 11:00:00,0.10500874
2025-12-10 12:00:00,0.23346438
2025-12-10 13:00:00,0.2745162
2025-12-10 14:00:00,0.19866438
2025-12-10 15:00:00,0.054130066
2025-12-10 16:00:00,-0.07005263
2025-12-10 17:00:00,-0.17179884
2025-12-10 18:00:00,-0.2606897
2025-12-10 19:00:00,-0.3370415
2025-12-10 20:00:00,-0.38213503
2025-12-10 21:00:00,-0.24452499
2025-12-10 22:00:00,-0.010126655
2025-12-10 23:00:00,0.19679472
2025-12-11 00:00:00,0.34457767
2025-12-11 01:00:00,0.39905542
2025-12-11 02:00:00,0.32070696
2025-12-11 03:00:00,0.15891866
2025-12-11 04:00:00,0.02178741
2025-12-11 05:00:00,-0.0864714
2025-12-11 06:00:00,-0.18033223
2025-12-11 07:00:00,-0.26969162
2025-12-11 08:00:00,-0.34750685
2025-12-11 09:00:00,-0.39601412
2025-12-11 10:00:00,-0.29558933
2025-12-11 11:00:00,-0.08151602
2025-12-11 12:00:00,0.087571934
2025-12-11 13:00:00,0.2015602
2025-12-11 14:00:00,0.2360184
2025-12-11 15:00:00,0.1717216
2025-12-11 16:00:00,0.037953522
2025-12-11 17:00:00,-0.079377964
2025-12-11 18:00:00,-0.17538753
2025-12-11 19:00:00,-0.25731438
2025-12-11 20:00:00,-0.32253122
2025-12-11 21:00:00,-0.33587024
2025-12-11 22:00:00,-0.17592351
2025-12-11 23:00:00,0.01896852
2025-12-12 00:00:00,0.18868975
2025-12-12 01:00:00,0.29457432
2025-12-12 02:00:00,0.31352672
2025-12-12 03:00:00,0.22184616
2025-12-12 04:00:00,0.085448295
2025-12-12 05:00:00,-0.032621805
2025-12-12 06:00:00,-0.13144891
2025-12-12 07:00:00,-0.22066797
2025-12-12 08:00:00,-0.3027816
2025-12-12 09:00:00,-0.37230733
2025-12-12 10:00:00,-0.4056148
2025-12-12 11:00:00,-0.2831826
2025-12-12 12:00:00,-0.0879083
